Team,Sprint Set,Quarter,Date,Week #,Day 1 Close Target End Date,Close Category,Day 1 Close Theme,OKR,Key Result,Week Focus and Tasks,End of Week Deliverable / Milestone,Hours Saved,Owner(s),Dependencies,Status,Notes,Link
Corporate Accounting,Set 1,Q2'26,9/22/2025,1,9/30/2026,Accruals,Scope and testing of accrual automation tool,C.A. 1 Increase OpEx Accuracy & Reliability by utilizing automation,KR 1: Onboard WiseLayer accruals.ai by October close,"Onboard Wiselayer's accrual.ai tool in advance of October close. Connect to Netsuite and Zip, fill out onboarding forms, and prep the AI bot within the tool to understand our use case. Then, use the tool during October close alongside our current process.","- Connect to Netsuite and Zip platforms, and fill out onboarding forms from the vendor. 
- Meet with accruals.ai for onboarding kick off session (pending scheduling)",0,Justine O'Sullivan,,Complete,Financetech Ticket,
Corporate Accounting,Set 1,Q2'26,9/22/2025,1,1/31/2026,Close Management,Build out Numeric instance,C.A. 1 Increase OpEx Accuracy & Reliability by utilizing automation,KR 2: Leverage monitors to track coding changes,Input coding change requests monitors into Numeric for continuous monitoring of correct coding,All FY25 and FY26 coding change requests should be entered into Numeric and reviewed,1.5,Justine O'Sullivan,formatting in Numeric to function as expected,Complete,,
Corporate Accounting,Set 1,Q2'26,9/22/2025,1,10/31/2025,Financial Reporting,Reduce coding reclasses,C.A. 1 Increase OpEx Accuracy & Reliability by utilizing automation,KR 4: Reduce coding changes / catch coding errors during Zip invoice review,Alert FBOS to count of errors,"- Slack message for count of errors related to coding
- This key result is ongoing in nature",1,Justine O'Sullivan,N/A,Complete,can this be automated with a bot?,
Corporate Accounting,Set 1,Q2'26,9/22/2025,1,1/31/2026,Close Management,Build out Numeric instance,C.A. 2 Enhance Close Optimization and Streamline Financial Processes ,KR 3: AI flux bot enhancements,"Review OpEx flux templates and increase accuracy through the AI bot, reducing time fluxing by 2+ hours","- Review and optimize the flux template (OpEx - vendors)
- Work through test examples using the AI Bot conversational tool to understand what additional information can we give the bot to enhance our fluxes",2,Justine O'Sullivan,,Complete,,
Corporate Accounting,Set 1,Q2'26,9/22/2025,1,1/31/2025,Acquistion,Integrate Guideline accounting operations,C.A. 5 Integrate Guideline acquisition into our Corporate accounting operations by Q3,"KR 1: Create entity structure in NS - Christina Denton for hierarchy
",Work with x-functional stakeholders to ensure set up is correct,Set up in Sandbox by week-end,,Rachele/Charles,Legal/Tax team being finalized and FNT,Complete,Entity set up in SB wee of 10/6,
Corporate Accounting,Set 1,Q2'26,9/22/2025,1,9/30/2026,Leases,Automate lease journal entries,C.A. 1 Increase OpEx Accuracy & Reliability by utilizing automation,KR 5: Automate lease journal entries,"1. Regroup with Spacebase team, discuss last week action items, align on next steps
2. Review Spacebase Custom JE report edits
3. Iterate on One Penn Plaza + 1515 Arapahoe lease entry into Spacebase","1. Custom JE report needs to be close to done
2. One Penn Plaza + 1515 Arapahoe needs to be into Spacebase",1,Selena Ochoa,,Complete,"Custom report is 80% done. Final edits to be completed by end of next week. 

Spacebase has provided an amortization schedule that agrees with our records for 1515 Arapahoe, moving forward with adding this to Spacebase. Communicated to Spacebase to mirror the same approach for One Penn Plaza, awaiting response as of 9.29.25.",
Corporate Accounting,Set 1,Q2'26,9/22/2025,1,9/30/2026,Cash & Cash Equivalents,Scope and plan reducing corporate cash to BD1,C.A. 2 Enhance Close Optimization and Streamline Financial Processes ,"KR 4:  Close Cash on BD 3
KR 5 : Close Cash on BD 2","- Root cause analysis of current delays leading to BD 5 close
- Determine solutions",Alignment with D&V on go forward,8,Charles Sikazwe,"D&V capacity
Cross-functional partners
AI quick wins",Complete,Done,Close Cash Faster est. 09/2025
Corporate Accounting,Set 1,Q2'26,9/22/2025,1,4/30/2026,Intercompany,Fully automate Transfer Pricing calculations in NS,C.A. 3 Build a scalable international accounting function to support Gusto's global growth.,KR 1:  Record all International intercompany revenue and expenses with TP Automation module,Assess current blockers for entities not using the tool,Complete documentation to be provided to FNT (Ravi),2,Charles Sikazwe,FNT support,Complete,Done,https://gustohq.atlassian.net/browse/FNT-3368
Corporate Accounting,Set 1,Q2'26,9/22/2025,1,10/31/2025,Intercompany,Documenting Intercompany process,C.A. 3 Build a scalable international accounting function to support Gusto's global growth.,"KR 2: 
- Launch I/C Customer/Vendor profiles for all entities that transact with I/C GL accounts
- Establish system (Netsuite) I/C Billings & Invoicing in Netsuite
- System Intercompany Settlement",Documentation of current state,Complete documentation to be provided to FNT (Ravi/Isik),3,Charles Sikazwe,"FNT support
D&V capacity",Complete,Done,"Intercompany Improvements est. 10/2025
https://gustohq.atlassian.net/browse/FNT-3393 "
Corporate Accounting,Set 1,Q2'26,9/22/2025,1,1/31/2025,Sales Commission,Automate EE data from NS into Xactly,C.A. 2 Enhance Close Optimization and Streamline Financial Processes ,KR 6: Automate EE data from NS into Xactly,"1. Regroup w/ team, discuss last week action items, align on next steps
2. Status update on integration
3. Team to align on timeline",1. John has NetSuite access credentials for build,0,Selena Ochoa,"John Barsoum (Ackle Consulting), FNT",Complete,"John has been unresponsive to our requests or a no-show during scheduled calls. This has pushed back our progress by a week. In addition, he is having NS connection issues which due to his delayed response is contributing to the delay. ",
Corporate Accounting,Set 2,Q3'26,11/17/2025,3,9/30/2026,Accruals,Scope and testing of accrual automation tool,C.A. 1 Increase OpEx Accuracy & Reliability by utilizing automation,KR 1: Automate the accrual process for a Day 1 close,"Focus: Work on proprietary build of a webpage
Tasks:
1. Work on the ""bills processed"" page in Bolt webpage design
2. Work on the ""pending invoices"" page in Bolt webpage design","- Completed ""bills processed"" and ""pending invoices"" tabs in Bolt webpage for accruals process. Working on this as an option if accruals.ai does not perform as we would like. ",35,Justine O'Sullivan,,In-Progress,,
Corporate Accounting,Set 1,Q2'26,9/22/2025,1,9/30/2026,Payroll,Build out assistant for payroll fluxes,C.A. 2 Enhance Close Optimization and Streamline Financial Processes ,KR 7: AI Assistant for payroll fluxes,1. Iterate prompts for Payroll Template,1. First iteration of payroll template prompt,5+,Selena Ochoa,Numeric platform being sophisticated enough to understand the level of detail I want in the flux. ,Complete,,
Corporate Accounting,Set 1,Q2'26,9/29/2025,2,9/30/2026,Leases,Automate lease journal entries,C.A. 1 Increase OpEx Accuracy & Reliability by utilizing automation,KR 5: Automate lease journal entries,"1. Regroup with Spacebase team, discuss last week action items, align on next steps
2. Finalize Custom JE report + test
3. Iterate/Edit as necessary","1. Test in Sandbox Custom JE report + entries
2. Finalize adding One Penn + 1515 Arapahoe to SB",2,Selena Ochoa,Timely completion of custom JE report edits from SB and addition of One Penn Plaza + 1515 Arapahoe into SB. ,Complete,"Spacebase custom JE report is 95% done—one edit pending. 

Waiting to hear from Spacebase on adding two leases. Followed up Monday. Pushing for timeframe on when we can get this done. 

Potential blocker: Rahul inquiried as to why we are not using NS Lease Management. This could potentially block the automation coming to fruition via SB is team want to start using NS. This could also delay the timing of when we get a resource from FinTech to build integration. ",
Corporate Accounting,Set 1,Q2'26,9/29/2025,2,1/31/2025,Acquistion,Integrate Guideline accounting operations,C.A. 5 Integrate Guideline acquisition into our Corporate accounting operations by Q3,"KR 2: Understand the new depts with  +400 ee's + partnering with Conor (FBOS) to ensure coding is aligned with forecast etc

KR 3: Test consolidation and eliminations in NetSuite SB.

",Ensure new depts are mapped to the correct dept,Get sign off by CorpFin and TA on mapping,,Rachele/Charles,People/CorpFin having final decisions,Complete,"Dept/domains are complete - only 2 new domains. 

Entity testing ongoing week of 10/15-- currently blocked as FNT needs to add the subs back in and are waiting on licenses from NS",
Corporate Accounting,Set 1,Q2'26,9/29/2025,2,9/30/2026,Accruals,Scope and testing of accrual automation tool,C.A. 1 Increase OpEx Accuracy & Reliability by utilizing automation,KR 1: Onboard WiseLayer accruals.ai by October close,"Onboard Wiselayer's accrual.ai tool in advance of October close. Connect to Netsuite and Zip, fill out onboarding forms, and prep the AI bot within the tool to understand our use case. Then, use the tool during October close alongside our current process.","[close week] 
- Meet with accruals.ai for onboarding session (pending scheduling)
- Perform normal September close activities, noting items for accruals.ai AI bot prep. ",0,Justine O'Sullivan,,Complete,"Accruals.ai ROI
meeting scheduled for next week",
Corporate Accounting,Set 1,Q2'26,9/29/2025,2,1/31/2026,Close Management,Build out Numeric instance,C.A. 1 Increase OpEx Accuracy & Reliability by utilizing automation,KR 2: Leverage monitors to track coding changes,Input coding change requests monitors into Numeric for continuous monitoring of correct coding,"[close week]
- All coding change requests monitor alerts from new monitor created should be cleared/addressed. 
- This Key Result should be completed and coding changes going forward will be added to the monitors as the requests come in",0,Justine O'Sullivan,formatting in Numeric to function as expected,Complete,clearing alerts week 3 - ran into issue where i think there are too many alerts. Charmane to work on refining the filters so that this functions better,
Corporate Accounting,Set 1,Q2'26,9/29/2025,2,1/31/2026,Close Management,Build out Numeric instance,C.A. 2 Enhance Close Optimization and Streamline Financial Processes ,KR 1: Confluence Guide,Create a comprehensive guide to Numeric on our Accounting Confluence space,"[close week]
- All Numeric related confluence pages should be reviewed and signed off in Asana",0,Justine O'Sullivan,Charmane availability,Complete,,Numeric Enhancements and Administration
Corporate Accounting,Set 1,Q2'26,9/29/2025,2,9/30/2026,Cash & Cash Equivalents,Scope and plan reducing corporate cash to BD1,C.A. 2 Enhance Close Optimization and Streamline Financial Processes ,"KR 4:  Close Cash on BD 3
KR 5 : Close Cash on BD 2",Execution of initial changes designed to expedite process,Cash 90%> closed by BD 3,8,Charles Sikazwe,"D&V capacity
Cross-functional partners
AI quick wins",Complete,Done,Close Cash Faster est. 09/2025
Corporate Accounting,Set 1,Q2'26,9/29/2025,2,4/30/2026,Intercompany,Fully automate Transfer Pricing calculations in NS,C.A. 3 Build a scalable international accounting function to support Gusto's global growth.,KR 1:  Record all International intercompany revenue and expenses with TP Automation module,FNT tool modifications,Usage of TP tool for entities (min 1) that didn't use in prev month,2,Charles Sikazwe,FNT support,Complete,Done,https://gustohq.atlassian.net/browse/FNT-3368
Corporate Accounting,Set 2,Q3'26,11/24/2025,4,9/30/2026,Accruals,Scope and testing of accrual automation tool,C.A. 1 Increase OpEx Accuracy & Reliability by utilizing automation,KR 1: Automate the accrual process for a Day 1 close,"[Thanksgiving break] - Rollover for Aileen to work on
Focus: Work on proprietary build of a webpage
Tasks:
1. Work on the ""vendor configuration"" page in Bolt webpage design
2. Roadmap out building the accruals tool out to completion. We have the structure, what needs to be added, changed, in order for a day 1 close","[Thanksgiving break] - Rollover for Aileen to work on
- 50% progress on page, functioning for Justine to test on return from OOO
- Roadmap of what the tool still needs complete",35,Justine O'Sullivan,,Not Started,,
Corporate Accounting,Set 1,Q2'26,9/29/2025,2,4/30/2026,Intercompany,Establish system (Netsuite) I/C Billings & Invoicing in Netsuite,C.A. 3 Build a scalable international accounting function to support Gusto's global growth.,"KR 2: 
- Launch I/C Customer/Vendor profiles for all entities that transact with I/C GL accounts
- Establish system (Netsuite) I/C Billings & Invoicing in Netsuite
-  System Intercompany Settlement",Address FNT questions/open items,Roadmap for accomplishing KR 2 in FY26,3,Charles Sikazwe,"FNT support
D&V capacity",Complete,Done,"Intercompany Improvements est. 10/2025
https://gustohq.atlassian.net/browse/FNT-3393 "
Corporate Accounting,Set 1,Q2'26,9/29/2025,2,9/30/2026,Sales Commission,Automate EE data from NS into Xactly,C.A. 2 Enhance Close Optimization and Streamline Financial Processes ,KR 6: Automate EE data from NS into Xactly,"1. Regroup w/ team, discuss last week action items, align on next steps
2. Status update on integration, unblock any blockers",1. Unblock any potential blockers for John and team,1,Selena Ochoa,"John Barsoum (Ackle Consulting), FNT",Complete,"John continues to be having NS access issues. Ravi + Isik workin on resolving. 

As of 10/03 - Ravi was able to identify the issue John was having getting access and resolve. I followed up with John Monday on timeline and when we can expect to start testing EE data.",
Corporate Accounting,Set 2,Q3'26,12/8/2025,6,9/30/2026,Accruals,Scope and testing of accrual automation tool,C.A. 1 Increase OpEx Accuracy & Reliability by utilizing automation,KR 1: Automate the accrual process for a Day 1 close,"[close week]
Focus: Work on proprietary build of a webpage
Tasks:
1. Work on the ""vendor configuration"" page in Bolt webpage design
2. Work on the ""vendor estimates"" page in Bolt webpage design","[close week]
- Completed ""vendor configuration"" and ""vendor estimates"" tabs in Bolt webpage for accruals process. Working on this as an option if accruals.ai does not perform as we would like. ",35,Justine O'Sullivan,,Not Started,,
Corporate Accounting,Set 1,Q2'26,9/29/2025,2,9/30/2026,Payroll,Build out assistant for payroll fluxes,C.A. 2 Enhance Close Optimization and Streamline Financial Processes ,KR 7: AI Assistant for payroll fluxes,1. Iterate prompts for Payroll Template,1. Finalize payroll template,5+,Selena Ochoa,,Complete,,
Corporate Accounting,Set 2,Q3'26,11/17/2025,3,1/31/2026,Close Management,Build out Numeric instance,C.A. 2 Enhance Close Optimization and Streamline Financial Processes ,KR 1: Confluence Guide,"Focus: Create short form videos and pages to reference for all things Numeric
Tasks: 
1. Create a google sheet gameplan outlining the different core areas to focus on and what content each area needs (header page, subsequent pages, videos, pictures, etc)
2. Complete checklist, recons, and flux analysis sections fully as these are the most used","- Checklist, reconciliations, and flux analysis confluence pages are fully complete. Stocked with tips, tricks, how to videos, written instructions, and more
- Google sheet confluence page game plan is created and filled out",0,Justine O'Sullivan,,Not Started,,
Corporate Accounting,Set 2,Q3'26,11/24/2025,4,1/31/2026,Close Management,Build out Numeric instance,C.A. 2 Enhance Close Optimization and Streamline Financial Processes ,KR 1: Confluence Guide,"[Thanksgiving Break] Charmane to work on
Focus: Create confluence pages for sub sections of Numeric 
Tasks: 
1. Follow the google sheet game plan and create all pages required for Numeric topics. 
2. Finalize Monitors, Saved Search, Reporting pages besides videos.","[Thanksgiving Break] Charmane to work on
- Monitors, Saved Search, Reporting pages are completed besides video how tos. 
- Gameplan sheet is updated to reflect progress
",0,Justine O'Sullivan,,Not Started,,
Corporate Accounting,Set 1,Q2'26,10/6/2025,3,9/30/2026,Accruals,Scope and testing of accrual automation tool,C.A. 1 Increase OpEx Accuracy & Reliability by utilizing automation,KR 1: Onboard WiseLayer accruals.ai by October close,"Onboard Wiselayer's accrual.ai tool in advance of October close. Connect to Netsuite and Zip, fill out onboarding forms, and prep the AI bot within the tool to understand our use case. Then, use the tool during October close alongside our current process.","[close week] 
- Perform normal September close activities, noting items for accruals.ai AI bot prep. 
- Demo of tool",0,Justine O'Sullivan,,Complete,"Accruals.ai ROI Aileen to complete this when working through close recap
Aileen tool demo scheduled for Tuesday 14th",
Corporate Accounting,Set 1,Q2'26,10/6/2025,3,1/31/2026,Close Management,Build out Numeric instance,C.A. 2 Enhance Close Optimization and Streamline Financial Processes ,KR 3: AI flux bot enhancements,"Review OpEx flux templates and increase accuracy through the AI bot, reducing time fluxing by 2+ hours","[close week]
- Review fluxes submitted using the OpEx - vendors template and understand which fluxes needed more context
- Understand how Aileen was able to use the conversational AI bot to  enhance the templated flux",0,Justine O'Sullivan,,Complete,"Seeing improvement using the AI bot features this month. We are able to be more granual on the vnedor level, and then leverage AI to summarize on the account/parent account level. Overall, a success and we will continue refining and see if accruals.ai can help in any way.",
Corporate Accounting,Set 1,Q2'26,10/6/2025,3,1/31/2025,Acquistion,Integrate Guideline accounting operations,C.A. 5 Integrate Guideline acquisition into our Corporate accounting operations by Q3,"
KR 4: Map the COA
",Map Guideline GL to Gusto Inc [FINALIZE] and review close checklist,"Get COA prepared, reviewed by TA and FBOS and ready for upload by FNT to NS by week-end pending entity set up

Review close checklist and detemine who will own tasks for Nov close",,Rachele/Charles,September close and Rebecca/Florence providing,Complete,"A few outstanding questions for GE team.

Met wit Florence/Christina this week to do first-pas of checklist. Meeting weekly moving forward to build out a Numeric checklist and review recon support.",
Corporate Accounting,Set 1,Q2'26,10/6/2025,3,9/30/2026,Cash & Cash Equivalents,Scope and plan reducing corporate cash to BD1,C.A. 2 Enhance Close Optimization and Streamline Financial Processes ,"KR 4:  Close Cash on BD 3
KR 5 : Close Cash on BD 2",[close week],[close week],8,Charles Sikazwe,"D&V capacity
Cross-functional partners
AI quick wins",Complete,--,Close Cash Faster est. 09/2025
Corporate Accounting,Set 1,Q2'26,10/6/2025,3,4/30/2026,Intercompany,Fully automate Transfer Pricing calculations in NS,C.A. 3 Build a scalable international accounting function to support Gusto's global growth.,KR 1:  Record all International intercompany revenue and expenses with TP Automation module,[close week],[close week],2,Charles Sikazwe,FNT support,Complete,--,https://gustohq.atlassian.net/browse/FNT-3368
Corporate Accounting,Set 1,Q2'26,10/6/2025,3,4/30/2026,Intercompany,Establish system (Netsuite) I/C Billings & Invoicing in Netsuite,C.A. 3 Build a scalable international accounting function to support Gusto's global growth.,"KR 2: 
- Launch I/C Customer/Vendor profiles for all entities that transact with I/C GL accounts
- Establish system (Netsuite) I/C Billings & Invoicing in Netsuite
-  System Intercompany Settlement",[close week],[close week],3,Charles Sikazwe,"FNT support
D&V capacity",Complete,[10/10] marked as at-risk due to FNT capacity dependence and competing OKR (Guideline intergration),"Intercompany Improvements est. 10/2025
https://gustohq.atlassian.net/browse/FNT-3393 "
Corporate Accounting,Set 1,Q2'26,10/6/2025,3,1/31/2026,Financial Reporting,Reduce coding reclasses,C.A. 1 Increase OpEx Accuracy & Reliability by utilizing automation,KR 3: Maintain a SURL variance of <$100k QoQ,Deliver August SURL,"[close week]
- Evaluate August SURL (August accruals for August services vs September bills and reaccruals for August services) and send out Asana project update
- This key result is ongoing in nature",0,Justine O'Sullivan,September close ,Complete,"4. Accruals Analysis August FY26 - Aileen is investigating variances this week and will revert back. Since there were multiple accrual corrections, we want to ensure the data is accurate since they stem from multiple JEs. Will finalize upon return.",
Corporate Accounting,Set 1,Q2'26,10/6/2025,3,1/31/2025,Sales Commission,Automate Workday and Xactly ,C.A. 2 Enhance Close Optimization and Streamline Financial Processes ,KR 6: Automate EE data from NS into Xactly,"1. Regroup w/ team, discuss last week action items, align on next steps
2. Have first build of integration",1. Finalize integration in Sandbox,1,Selena Ochoa,"John Barsoum (Ackle Consulting), FNT
",Complete,"As of 10/10 - John has set up the integration in Sandbox. Selena will cross check Workday EE data with the NS Saved Search next week to make sure data matches 1:1. From there, Lex needs to let Selena know when her team will run the new hire import into Xactly so that data can also be validated. 

Goal is to test all EE population and current imports.",
Corporate Accounting,Set 1,Q2'26,10/6/2025,3,9/30/2026,Payroll,Build out assistant for payroll fluxes,C.A. 2 Enhance Close Optimization and Streamline Financial Processes ,KR 7: AI Assistant for payroll fluxes,1. Use payroll template,1. Payroll template used for Sept close,5+,Selena Ochoa,,Complete,,
Corporate Accounting,Set 1,Q2'26,10/13/2025,4,9/30/2026,Leases,Automate lease journal entries,C.A. 1 Increase OpEx Accuracy & Reliability by utilizing automation,KR 5: Automate lease journal entries,"1. Regroup with Spacebase team, discuss last week action items, align on next steps
2. FinTech to assist building integration",1. Engage Gusto developer to begin automation + being automation build,2,Selena Ochoa,Bandwith from FinTech and Spacebase team availability to support initiative,Complete,"Update as of 10/20:

As of 10/13, FinTech and contracted developers did not have bandwidth to begin the integration. On 10/15 a developer was assinged with development work scheduled to start on 10/22, with an expected completion date of 11/07.

A requirements meeting was held on 10/17 with the developers to review scope and address initial questions.",
Corporate Accounting,Set 1,Q2'26,10/13/2025,4,9/30/2026,Accruals,Scope and testing of accrual automation tool,C.A. 1 Increase OpEx Accuracy & Reliability by utilizing automation,KR 1: Onboard WiseLayer accruals.ai by October close,"Onboard Wiselayer's accrual.ai tool in advance of October close. Connect to Netsuite and Zip, fill out onboarding forms, and prep the AI bot within the tool to understand our use case. Then, use the tool during October close alongside our current process.","{Aileen to do, Justine OOO} 
- Perform working sessions to address vendor specific preferences in the system and overall understanding of tool. 
- Create loose timeline and correct order of accrual tasks for October close based on progress of implementation",2,Justine O'Sullivan,,Complete,,
Corporate Accounting,Set 1,Q2'26,10/13/2025,4,1/31/2025,Acquistion,Integrate Guideline accounting operations,C.A. 5 Integrate Guideline acquisition into our Corporate accounting operations by Q3,"KR 5: Review close checklist and identify how we will incorporate their activities into or monthly close
",Review existing workpapers,Plan what R&R we can asborb into our team and what will stay with GL team,,Rachele/Charles," Rebecca/Florence provided checklist, not need to review recon support and continue to understand their roles and responsibilties.",Complete,"GE team reviewing our designations of carry over the task or deprecate

Florence to Review clean checklist by 10/24 and then can upload into Numeric",
Corporate Accounting,Set 1,Q2'26,10/13/2025,4,9/30/2026,Cash & Cash Equivalents,Scope and plan reducing corporate cash to BD1,C.A. 2 Enhance Close Optimization and Streamline Financial Processes ,"KR 4:  Close Cash on BD 3
KR 5 : Close Cash on BD 2",Sep close recap,Go forward plan based on Sep recap,8,Charles Sikazwe,"D&V capacity
Cross-functional partners
AI quick wins",Complete,,Close Cash Faster est. 09/2025
Corporate Accounting,Set 1,Q2'26,10/13/2025,4,4/30/2026,Intercompany,Fully automate Transfer Pricing calculations in NS,C.A. 3 Build a scalable international accounting function to support Gusto's global growth.,KR 1:  Record all International intercompany revenue and expenses with TP Automation module,Sep close recap,Detailed documentation of current state and needed changes to be provided to FNT,2,Charles Sikazwe,FNT support,Complete,,https://gustohq.atlassian.net/browse/FNT-3368
Corporate Accounting,Set 1,Q2'26,10/13/2025,4,4/30/2026,Intercompany,Establish system (Netsuite) I/C Billings & Invoicing in Netsuite,C.A. 3 Build a scalable international accounting function to support Gusto's global growth.,"KR 2: 
- Launch I/C Customer/Vendor profiles for all entities that transact with I/C GL accounts
- Establish system (Netsuite) I/C Billings & Invoicing in Netsuite
-  System Intercompany Settlement",Sandbox review for I/C (Vendor & Customer) profiles,Provide feedback to FNT,3,Charles Sikazwe,"FNT support
D&V capacity",Complete,[10/10] marked as at-risk due to FNT capacity dependence and competing OKR (Guideline intergration),"Intercompany Improvements est. 10/2025
https://gustohq.atlassian.net/browse/FNT-3393 "
Corporate Accounting,Set 1,Q2'26,10/13/2025,4,1/31/2025,Sales Commission,Automate EE data from NS into Xactly,C.A. 2 Enhance Close Optimization and Streamline Financial Processes ,KR 6: Automate EE data from NS into Xactly,"1. Regroup w/ team, discuss last week action items, align on next steps
2. Validate WD<>NS data matches
3. Validate new hire EE inputs in Xactly","1. Test and validate WD <> NS EE data
2. Test and validate EE inputs into Xactly",1,Selena Ochoa,"John Barsoum (Ackle Consulting), FNT, need input if edits are needed/if discerpancies are found

Lex Nazario & Sales Comp team for owernership going forward along with notifying Selena when her team has ran the import for new hires on 10/13.",In-Progress,"Update as of 10/20:

On 10/14, Lex noted that the Xactly Sandbox environment is being refreshed, which has delayed testing of the integration. A follow-up was sent on 10/20 to confirm when testing can resume.

On 10/16, Accounting completed testing of the Workday → NetSuite data and identified discrepancies requiring FinTech’s assistance to resolve. Similar discrepancies exist in the Workday → Xactly data, which Lex’s team needs to address.

Follow-ups have been sent to both teams. Accounting continues to experience challenges with teams taking ownership and defining next steps toward resolution.",
Corporate Accounting,Set 1,Q2'26,10/20/2025,5,9/30/2026,Leases,Automate lease journal entries,C.A. 1 Increase OpEx Accuracy & Reliability by utilizing automation,KR 5: Automate lease journal entries,"1. Work w/ Justine to create allocation template for 3800 IT
2. Confirm developers have started working on integration (10/22 start date)",1. Allocation schedule created for all 3800 IT coding,2,Selena Ochoa,"Timely delivery and correspondence from developer

Justine having bandwidth to create allocation schedule",In-Progress,"Update as of 10/22:

Creation of allocation schedule for finance lease JE's has been pushed till after October close to avoid any issues. Per Justine, this should be quick and can be done before November close. 

Developers have completed the analysis/requirements and are on track to begin work next week. ",
Corporate Accounting,Set 1,Q2'26,10/20/2025,5,9/30/2026,Accruals,Scope and testing of accrual automation tool,C.A. 1 Increase OpEx Accuracy & Reliability by utilizing automation,KR 1: Onboard WiseLayer accruals.ai by October close,"Onboard Wiselayer's accrual.ai tool in advance of October close. Connect to Netsuite and Zip, fill out onboarding forms, and prep the AI bot within the tool to understand our use case. Then, use the tool during October close alongside our current process.","- Working session for accrual team to go over October close plan
- Review timeline and order of accrual tasks from prior week
- Review vendor specific preferences created in the tool
- Finalize set up of tool",0,Justine O'Sullivan,,Complete,,
Corporate Accounting,Set 1,Q2'26,10/20/2025,5,1/31/2025,Acquistion,Integrate Guideline accounting operations,C.A. 5 Integrate Guideline acquisition into our Corporate accounting operations by Q3,KR 7: Place Guideline entity into Production,Move Guideline entity into Production,Entities are live in Production,,Rachele/Charles,FNT and/or legal if we are waiting on Gusto Holding final decision,Complete,"Gusto Holding is going to be an entity

We need to complete testing in Sandbox before we can move entity into Production

",
Corporate Accounting,Set 1,Q2'26,10/20/2025,5,1/31/2026,Close Management,Build out Numeric instance,C.A. 2 Enhance Close Optimization and Streamline Financial Processes ,KR 2: Numeric feature roll outs and general adoption,"Enhance experience on Numeric for all, enabling Numeric to become second nature and a one stop shop","- Clean up and clear alerts for all corporate monitors
- Create feature for monitors in the October newsletter",0,Justine O'Sullivan,,Complete,Coding change request monitor has been cleared,
Corporate Accounting,Set 1,Q2'26,10/20/2025,5,1/31/2025,Sales Commission,Automate EE data from NS into Xactly,C.A. 2 Enhance Close Optimization and Streamline Financial Processes ,KR 6: Automate EE data from NS into Xactly,"1. FinTech to help decide on next steps to correct WD > NS EE data
2. SalesComp to help decide on next steps to correct WD > Xactly EE data
2. Test WD + NS > Xactly integration output","1. Accounting has tested the integration and communicated errors if any to be corrected

2. FinTech and Sales Comp have communicated and decided on next steps to fixing the data error Accounting identified and shared from last week",1,Selena Ochoa,"Lex and team are up to speed on what needs to happen to correct Xactly data, have taken ownership

FinTech has bandwidth to resolve WD > NS ee data errors",In-Progress,"Update as of 10/22:

On 10/21, Lex noted testing of the integration is delayed due to the team prioritizing data corrections in SFDC following an internal audit that impacted September commissions. Additionally, progress has also been delayed developer availability — JB is out on work travel and Nilesh has been out due to illness and Diwali.

",
Corporate Accounting,Set 1,Q2'26,10/20/2025,5,9/30/2026,Cash & Cash Equivalents,Scope and plan reducing corporate cash to BD1,C.A. 2 Enhance Close Optimization and Streamline Financial Processes ,"KR 4:  Close Cash on BD 3
KR 5 : Close Cash on BD 2",Alignment with D&V for Oct close,Action Plan for BD 3 [Cash] cutoff,8,Charles Sikazwe,"D&V capacity
Cross-functional partners
AI quick wins",Complete,,Close Cash Faster est. 09/2025
Corporate Accounting,Set 1,Q2'26,10/20/2025,5,4/30/2026,Intercompany,Fully automate Transfer Pricing calculations in NS,C.A. 3 Build a scalable international accounting function to support Gusto's global growth.,KR 1:  Record all International intercompany revenue and expenses with TP Automation module,Oct close readiness,Action Plan for ALL foreign entities to use TP tool for Oct close,2,Charles Sikazwe,FNT support,Complete,,https://gustohq.atlassian.net/browse/FNT-3368
Corporate Accounting,Set 1,Q2'26,10/20/2025,5,4/30/2026,Intercompany,Establish system (Netsuite) I/C Billings & Invoicing in Netsuite,C.A. 3 Build a scalable international accounting function to support Gusto's global growth.,"KR 2: 
- Launch I/C Customer/Vendor profiles for all entities that transact with I/C GL accounts
- Establish system (Netsuite) I/C Billings & Invoicing in Netsuite
-  System Intercompany Settlement","(Netsuite) I/C Billings & Invoicing in Netsuite PoC?
System Intercompany Settlement - current state?","Action Plan for: 
 - Netsuite I/C Billing
 - Netsuite I/C Settlement",3,Charles Sikazwe,"FNT support
D&V capacity",Complete,,"Intercompany Improvements est. 10/2025
https://gustohq.atlassian.net/browse/FNT-3393 "
Corporate Accounting,Set 1,Q2'26,10/20/2025,5,1/31/2026,Close Management,Build out Numeric instance,C.A. 2 Enhance Close Optimization and Streamline Financial Processes ,KR 3: AI flux bot enhancements,"Review OpEx flux templates and increase accuracy through the AI bot, reducing time fluxing by 2+ hours","- Recap with Aileen problems encountered when using the template and conversational AI Bot
- Create a list of what was helpful to provide the bot vs what it got wrong
- Add manual steps to the list
- Relay information back to Numeric",0,Justine O'Sullivan,,Complete,,
Corporate Accounting,Set 1,Q2'26,10/27/2025,6,9/30/2026,Cash & Cash Equivalents,Scope and plan reducing corporate cash to BD1,C.A. 2 Enhance Close Optimization and Streamline Financial Processes ,"KR 4:  Close Cash on BD 3
KR 5 : Close Cash on BD 2",Oct close readiness,"- BD 3 Cash cutoff
- continue discovery for Matching tool",8,Charles Sikazwe,"D&V capacity
Cross-functional partners
AI quick wins",In-Progress,,Close Cash Faster est. 09/2025
Corporate Accounting,Set 1,Q2'26,10/27/2025,6,4/30/2026,Intercompany,Fully automate Transfer Pricing calculations in NS,C.A. 3 Build a scalable international accounting function to support Gusto's global growth.,KR 1:  Record all International intercompany revenue and expenses with TP Automation module,FNT TP tool modifications,All entities use TP tool for Oct close,2,Charles Sikazwe,FNT support,In-Progress,,https://gustohq.atlassian.net/browse/FNT-3368
Corporate Accounting,Set 1,Q2'26,10/27/2025,6,9/30/2026,Leases,Automate lease journal entries,C.A. 1 Increase OpEx Accuracy & Reliability by utilizing automation,KR 5: Automate lease journal entries,"1. Status check in with team, every Thursday",1. Developers have started on the integration and are on track for a 11/14 completion date,2,Selena Ochoa,Timely delivery and correspondence from developer,In-Progress,"Update as of 10/30:

Developer is 80% done with automation. The team met today and there are some edits that need to occur: 1) Developer needs to edit code for JE to be posted on JE file DATE not when the job is ran. 2) Spacebase needs to edit JE file because Drs and Crs do not match, off by .01. 

Next Steps:
1. Developer to work on posting date edits (expected completion 11/5)
2. Selena has reached out the Christian (SB Eng) to help with the JE differences
3. Selena has reached out to Christian (SB Eng) to grant developer SFTP credentials and any IPWhitelisted addresses to connect to SB platform for JE automation",
Corporate Accounting,Set 2,Q3'26,11/17/2025,3,1/31/2026,Close Management,Build out Numeric instance,C.A. 1 Increase OpEx Accuracy & Reliability by utilizing automation,KR 2: Leverage monitors to track coding changes,"[close week]
Focus: Constant monitoring of coding errors and correcting the root issue (PO or cash coding incorrect)
Tasks:
1. Clear all monitors in Numeric CCR mointor for the week
2. Create reclass entries as needed and post","[close week]
- Zero alerts by EOW",1,Justine O'Sullivan,,Not Started,,
Corporate Accounting,Set 2,Q3'26,11/24/2025,4,1/31/2026,Close Management,Build out Numeric instance,C.A. 1 Increase OpEx Accuracy & Reliability by utilizing automation,KR 2: Leverage monitors to track coding changes,"[close week]
Focus: Constant monitoring of coding errors and correcting the root issue (PO or cash coding incorrect)
Tasks:
1. Clear all monitors in Numeric CCR mointor for the week
2. Create reclass entries as needed and post","[close week]
- Zero alerts by EOW",1,Justine O'Sullivan,,Not Started,,
Corporate Accounting,Set 1,Q2'26,10/27/2025,6,1/31/2025,Acquistion,Integrate Guideline accounting operations,C.A. 5 Integrate Guideline acquisition into our Corporate accounting operations by Q3,"
KR 8:  Prepare for November close with Guideline data ",Final review of checklist and preparers/reviewers of GE tasks,Be able to go live with transactions by 11/30,,Rachele/Charles,FNT/GE team ,Complete,Florence to Review clean checklist by 10/24 and then can upload into Numeric,
Corporate Accounting,Set 1,Q2'26,10/27/2025,6,9/30/2026,Accruals,Scope and testing of accrual automation tool,C.A. 1 Increase OpEx Accuracy & Reliability by utilizing automation,KR 1: Onboard WiseLayer accruals.ai by October close,"Onboard Wiselayer's accrual.ai tool in advance of October close. Connect to Netsuite and Zip, fill out onboarding forms, and prep the AI bot within the tool to understand our use case. Then, use the tool during October close alongside our current process.","- Complete set up of accruals.ai and prepare process instructions for October close
- Inform teams who recieve deliverable requests from us of new method in accruals.ai
- Clean up Numeric tasks to accomodate new items from accruals.ai",0,Justine O'Sullivan,,Complete,,
Corporate Accounting,Set 1,Q2'26,10/27/2025,6,1/31/2025,Sales Commission,Automate EE data from NS into Xactly,C.A. 2 Enhance Close Optimization and Streamline Financial Processes ,KR 6: Automate EE data from NS into Xactly,"Continuation from prior week given the setback from Lex's departure, reprioritization from Lex's team, Johns OOO and developers Diwali Holiday.

1. Resolve WD > Xactly ee data errors
2. Retest WD + NS > Xactly integration output","1. Automation edits/corrections done
2. Accounting has retested the integration",1,Selena Ochoa,"Sales comp team bandwidth to test integration is working

John responsiveness to changes if needed",In-Progress,"Update as of 10/30:

Theresa has tested the job and she encountered some errors — these were communicated to John for editing. John is suppose to resolve issues today and handoff to Theresa for Round 2 of testing. 

Selena needs additional context on how the integration is working on the backend/its achitecture. ",
Corporate Accounting,Set 1,Q2'26,10/27/2025,6,4/30/2026,Intercompany,Establish system (Netsuite) I/C Billings & Invoicing in Netsuite,C.A. 3 Build a scalable international accounting function to support Gusto's global growth.,"KR 2: 
- Launch I/C Customer/Vendor profiles for all entities that transact with I/C GL accounts
- Establish system (Netsuite) I/C Billings & Invoicing in Netsuite
-  System Intercompany Settlement",[TBD],[TBD],3,Charles Sikazwe,"FNT support
D&V capacity",In-Progress,,"Intercompany Improvements est. 10/2025
https://gustohq.atlassian.net/browse/FNT-3393 "
Corporate Accounting,Set 2,Q3'26,11/10/2025,2,1/31/2026,Close Management,Build out Numeric instance,C.A. 2 Enhance Close Optimization and Streamline Financial Processes ,KR 3: AI flux bot enhancements,"[close week]
Focus: Utilize AI bots in flux analysis within Numeric to reduce manual time spent fluxes. Leverage memos in transaction level detail to optimize the AI.
Tasks:
1. Flux Accruals Review report fully by vendor, using the vendor level template, then flux the account grouping
2. Monitor time spent completing task 1
3. Flux account level MoM reports by pulling in accounts from the accruals review report
4. Monitor time spent completing task 3","[close week]
- Aileen to optimize the AI bot during October close and report back on time saved preparing
- Justing to review fluxes and monitor how many are sent back
- Review time savings during 1:1 meeting",2,Justine O'Sullivan,,Complete,Time savings of around 1 hour,
Corporate Accounting,Set 2,Q3'26,11/24/2025,4,1/31/2026,Close Management,Build out Numeric instance,C.A. 2 Enhance Close Optimization and Streamline Financial Processes ,KR 3: AI flux bot enhancements,"[Thanksgiving break] Aileen to do
Focus: Prepare for November close by writing out concrete game plan for leverage the bot more
Tasks:
1. Create a working doc to outline specific game plan for November close fluxing
2. Create goal time savings in doc
3. Refine templates that we are planning on using","[Thanksgiving break] Aileen to do
- Full gameplan working doc created complete with time savings goals
- Templates refined and tested in Numeric",2,Justine O'Sullivan,,Not Started,,
Corporate Accounting,Set 2,Q3'26,11/3/2025,1,9/30/2026,Leases,Automate lease journal entries,C.A. 1 Increase OpEx Accuracy & Reliability by utilizing automation,KR 5: Automate lease journal entries,"1. Status check in with team, every Thursday
2. Complete JE automation build in Sandbox",1. JE testing performed,2,Selena Ochoa,Timely delivery and correspondence from developer,In-Progress,"As of 11/7/25:

Developer still needs to edit the JE date logic. API key has been shared with Spacebase. Next steps are to fix the JE date issue and developer to advise on what else is needed to make the connection. ",
Corporate Accounting,Set 2,Q3'26,11/3/2025,1,1/31/2025,Sales Commission,Automate EE data from NS into Xactly,C.A. 2 Enhance Close Optimization and Streamline Financial Processes ,KR 6: Automate EE data from NS into Xactly,"Continuation from prior week given the setback from Lex's departure, reprioritization from Lex's team, Johns OOO and developers Diwali Holiday. 

1. Resolve WD > Xactly ee data errors
2. Retest WD + NS > Xactly integration output","1. Automation edits/corrections done
2. Accounting has retested the integration",1,Selena Ochoa,"Sales comp team bandwidth to test integration is working

John responsiveness to changes if needed",In-Progress,"As of 11/4/25: 

Isik has been out sick this week which has delayed our progress on getting John updated NS Saved Searches for the integration. It is unknown when she will be back. 

As of 11/6/25:
Isik is back and she has provided John with the NS Saved Searches (Internal ID) needed to progress the integration. Per John, he is traveling Wed through the end of the week. A follow up will be conducted early next week. If you have specific questions, please slack me. ",
Corporate Accounting,Set 2,Q3'26,11/3/2025,1,1/31/2025,Acquistion,Integrate Guideline accounting operations,C.A. 6 Integrate Guideline acquisition into our Corporate accounting operations by Q3,KR 4: Review close checklist and identify how we will incorporate their activities into our monthly close and/or who is owning the processes,1. Add Guideline leases into Spacebase,1. Deliver all Guideline leases to Spacebase team for creation of leases in Spacebase,5+,Selena Ochoa,Spacebase bandwidth/responsiveness,Complete,,
Corporate Accounting,Set 2,Q3'26,11/3/2025,1,1/31/2025,Payroll,Automate all domestic payroll reconciliations,C.A. 2 Enhance Close Optimization and Streamline Financial Processes ,KR 9: Automate Symmetry payroll reclass from Gusto Inc > Symmetry,1. Draft a Business Requirements doc for FinTech so they know the level of effort this automation requires,1. Send FinTech Business Requirements Template,2,Selena Ochoa,Project dependent on FinTechs availability,Complete,Expecting a 2 hour saving from the automation,
Corporate Accounting,Set 2,Q3'26,11/3/2025,1,9/30/2026,Payroll,Automate all domestic payroll reconciliations,C.A. 1 Increase OpEx Accuracy & Reliability by utilizing automation,KR 6: Automate US payroll reconciliations,"Understanding & Data Mapping

1. Break out all payroll codes (earnings, deductions, benefits) and tie to GL mapping
2. Apply a description to all earnings, deductions & benefits codes
3. Determine if coding is correct, needs review, need further understanding of earning/deduction","1. First draft of 'Payroll Master Matrix' (Validate mapping between payroll codes and GL account)
2. Tag Head of Payroll re: #3
3. Tag FBOS to confirm #3
",n/a,Selena Ochoa,"Head of Payroll responsiveness on clarifying items

FBOS responsiveness on approval of coding changes if any

Accounting bandwidth given qtr end close deadlines",In-Progress,,
Corporate Accounting,Set 2,Q3'26,11/3/2025,1,9/30/2026,Fixed Assets,Automate fixed assets end-to-end process,C.A. 2 Enhance Close Optimization and Streamline Financial Processes ,KR 8: Automate fixed assets end-to-end process,"NetSuite Capabilities Exploration

1. Document capabilities
2. Document FinTech Business Requirements","1. Capability matrix of NetSuite/FAM functions
2. Send FinTech automation requirements",,Selena Ochoa,Accounting bandwidth given qtr end close deadlines,In-Progress,,
Corporate Accounting,Set 2,Q3'26,11/3/2025,1,1/31/2025,Acquistion,Integrate Guideline accounting operations,C.A. 6 Integrate Guideline acquisition into our Corporate accounting operations by Q3,KR 4: Review close checklist and identify how we will incorporate their activities into our monthly close and/or who is owning the processes,1. Integrate Guideline PPE to Gusto,1. Inquire w. Will Ott re: re-valuation of Guideline's PPE,2,Selena Ochoa,,Complete,,
Corporate Accounting,Set 2,Q3'26,11/10/2025,2,9/30/2026,Leases,Automate lease journal entries,C.A. 1 Increase OpEx Accuracy & Reliability by utilizing automation,KR 5: Automate lease journal entries,"1. Status check in with team, every Thursday
2. Complete JE automation build in Sandbox",1. JE testing performed,2,Selena Ochoa,Timely delivery and correspondence from developer,At-Risk/Missed,"Update as of 11/14:

Developer is having issues making connection with Spacebase for integration. Additionally, some edits to integration are still necessary. I'm pushing for end of next week as a hard deadline. ",
Corporate Accounting,Set 2,Q3'26,11/10/2025,2,1/31/2025,Sales Commission,Automate EE data from NS into Xactly,C.A. 2 Enhance Close Optimization and Streamline Financial Processes ,KR 6: Automate EE data from NS into Xactly,1. Automation needs to be working in Sandbox,1. Automation has been re-tested and it is working correctly in Sandbox,1,Selena Ochoa,"Sales comp team bandwidth to test integration is working

John responsiveness to changes if needed",In-Progress,"Update as of 11/14:

John has been able to make the connection between NS and Xactly. We are waiting for him to resend for testing. ",
Corporate Accounting,Set 2,Q3'26,11/10/2025,2,1/31/2025,Acquistion,Integrate Guideline accounting operations,C.A. 6 Integrate Guideline acquisition into our Corporate accounting operations by Q3,KR 4: Review close checklist and identify how we will incorporate their activities into our monthly close and/or who is owning the processes,"1. Check in with Environment regarding validation of GE leases in Spacebase.  (due 11/15)
2. Task minerva.suarez@gustocare.com with merging GE lease schedules with Gusto Inc. (due 11/25)
3. Connect w. Will Ott re: IBR ","1. Keep the Environment team on track
2. Keep minerva.suarez@gustocare.com on track
3. Update IBR rates for GE leases in Spacebase",n/a,Selena Ochoa,"Environment teams responsiveness

minerva.suarez@gustocare.com bandwidth",In-Progress,"Update as of 11/14:

Will had a conflict this week, meeting Monday to discuss IBR for GE",
Corporate Accounting,Set 2,Q3'26,11/17/2025,3,1/31/2025,Acquistion,Integrate Guideline accounting operations,C.A. 6 Integrate Guideline acquisition into our Corporate accounting operations by Q3,KR 4: Review close checklist and identify how we will incorporate their activities into our monthly close and/or who is owning the processes,Buffer Week: Continuation from last week,Buffer Week: Continuation from last week,n/a,Selena Ochoa,"Environment teams responsiveness

minerva.suarez@gustocare.com bandwidth",In-Progress,,
Corporate Accounting,Set 2,Q3'26,11/17/2025,3,9/30/2026,Leases,Automate lease journal entries,C.A. 1 Increase OpEx Accuracy & Reliability by utilizing automation,KR 5: Automate lease journal entries,"1. Draft Procedures/Control Documentation

1a. Establish workflow controls/edit user access
1b. Implement segregation of duties amongst users
1c. Decide who will create leases, review and approve

2. Test finance JEs
3. Establish SB connection","1. User settings and workflow established for appropriate controls
2. Documentation updated
3. Establish Spacebase connection",2,Selena Ochoa,"Corp Acct agreement on who should prepare, review and approve leases",In-Progress,"Schedule WT with Rachele Russo KC Deatsch

Update as of 11/18:
Developer continues to be unresponsive/not understand requirements for finance leases journal entries. Continue to encounter errors. Feedback has been provided. 

Developer experiencing issues connecting to Spacebase. Working on escalating this to a live working session with Spacebase to resolve. ",
Corporate Accounting,Set 2,Q3'26,11/10/2025,2,9/30/2026,Payroll,Automate all domestic payroll reconciliations,C.A. 2 Enhance Close Optimization and Streamline Financial Processes ,KR 9: Automate Symmetry payroll reclass from Gusto Inc > Symmetry,1. Discuss w. FinTech is this project is doable given bandwith,1. Initial call with FinTech to decide if project can be taken on ,2,Selena Ochoa,Project dependent on FinTechs availability,Complete,"Update as of 11/14:

Met w. Ravi this week, he understands project requirements. We will discuss timeline/resources next week. ",
Corporate Accounting,Set 2,Q3'26,11/10/2025,2,9/30/2026,Payroll,Automate all domestic payroll reconciliations,C.A. 1 Increase OpEx Accuracy & Reliability by utilizing automation,KR 6: Automate US payroll reconciliations,"Continuation from last week plus:

1. Connect w. Benefits team to understand their process for 401k, HSA, FSA contributions. Critical to understanding reconciliation process.",Continuation from last week,n/a,Selena Ochoa,"Head of Payroll responsiveness on clarifying items

FBOS responsiveness on approval of coding changes if any

Benefits team resonsiveness/availability

Accounting bandwidth given qtr end close deadlines",At-Risk/Missed,"Update as of 11/14:

Progress/milestone was missed due to qtr end priorities, OOO. Will pick up next week/adjust sprint accordingly.

Connecting live with Benefits team next week to start documenting process. 

Met w. Ravi to discuss this project as well, we will circle back next week on who will own this 'build' and best approach. He wante to understand requirements and check back in with Rahul on approach. ",
Corporate Accounting,Set 2,Q3'26,11/10/2025,2,9/30/2026,Fixed Assets,Automate fixed assets end-to-end process,C.A. 2 Enhance Close Optimization and Streamline Financial Processes ,KR 8: Automate fixed assets end-to-end process,Continuation from last week,Continuation from last week,,Selena Ochoa,Accounting bandwidth given qtr end close deadlines,At-Risk/Missed,"Update as of 11/14:

Progress/milestone was missed due to qtr end priorities, OOO. Will pick up next week/adjust sprint accordingly.

Meeting with Noah Sullivans from IT Monday to start documenting process/understand what if any OKRs IT Team has around asset tracking. ",
Corporate Accounting,Set 2,Q3'26,11/10/2025,2,1/31/2025,Acquistion,Integrate Guideline accounting operations,C.A. 6 Integrate Guideline acquisition into our Corporate accounting operations by Q3,KR 4: Review close checklist and identify how we will incorporate their activities into our monthly close and/or who is owning the processes,1. Integrate Guideline PPE to Gusto,1. Task minerva.suarez@gustocare.com with creating CSV upload of GE assets,2,Selena Ochoa,,In-Progress,"Update as of 11/14:

Will had a conflict this week, meeting Monday to discuss an PPE revaluations",
Corporate Accounting,Set 2,Q3'26,11/17/2025,3,1/31/2025,Payroll,Automate all domestic payroll reconciliations,C.A. 2 Enhance Close Optimization and Streamline Financial Processes ,KR 9: Automate Symmetry payroll reclass from Gusto Inc > Symmetry,1. Check in with Ravi re: availability/discussion with Rahul for team to take this on. ,"1. Decision on whether this is something FinTech can take on. If so, when?",2,Selena Ochoa,Project dependent on FinTechs availability,In-Progress,,
Corporate Accounting,Set 2,Q3'26,11/17/2025,3,9/30/2026,Payroll,Automate all domestic payroll reconciliations,C.A. 1 Increase OpEx Accuracy & Reliability by utilizing automation,KR 6: Automate US payroll reconciliations,"Automation Research & Design

1. Evaluate automation options (Cursor, Bolt, Other)
2. Define data inputs, required outputs, and reconciliation requirements","1. Jade Global requirements meeting to begin POC on automation
2. Finalize Payroll Master Matrix to confirm correct GL coding",n/a,Selena Ochoa,,In-Progress,"Update as of 11/17: 

Benefits process narrative

US Payroll Req Business Requirements

Ample was tasked with prepping the Payroll Master Matrix file, due 11/25. Selena to review thereafter.",
Corporate Accounting,Set 2,Q3'26,11/17/2025,3,9/30/2026,Fixed Assets,Automate fixed assets end-to-end process,C.A. 2 Enhance Close Optimization and Streamline Financial Processes ,KR 8: Automate fixed assets end-to-end process,"Understanding IT Tracking Process

1. Connect live w. IT to understand process
2. Document process",1. Documented process narrative of current IT PPE tracking process.,,Selena Ochoa,,In-Progress,,
Corporate Accounting,Set 2,Q3'26,11/17/2025,3,1/31/2025,Acquistion,Integrate Guideline accounting operations,C.A. 6 Integrate Guideline acquisition into our Corporate accounting operations by Q3,KR 4: Review close checklist and identify how we will incorporate their activities into our monthly close and/or who is owning the processes,1. Prepare Guideline PPE new asset listing for month end,"1. Understand GE asset process
2. Finalize new asset listing for GE for NS upload",2,Selena Ochoa,,In-Progress,"Update as of 11/18:

GE asset listing to be prepped by EOW. Holding off on creation of any new GE assets untill we get confirmation from TA + CA opening balances are final and PPE matches that. ",
Corporate Accounting,Set 2,Q3'26,11/24/2025,4,1/31/2025,Acquistion,Integrate Guideline accounting operations,C.A. 6 Integrate Guideline acquisition into our Corporate accounting operations by Q3,KR 4: Review close checklist and identify how we will incorporate their activities into our monthly close and/or who is owning the processes,"1. Create accounting lease schedules in EXCEL and Spacebase, if possible given commencement date
2. Update IBR rates
3. Submit leases for Approval","1. GE accounting lease schedules are updated and pending approval
2. minerva.suarez@gustocare.com done with updated lease workpaper",2,Selena Ochoa,"Assuming we have IBR by then

Assuming I am able to edit the commencement date of the lease to be 11/1/25 in SB for amort. start date. 

minerva.suarez@gustocare.com out of office all week",Not Started,,
Corporate Accounting,Set 2,Q3'26,11/24/2025,4,1/31/2025,Payroll,Automate all domestic payroll reconciliations,C.A. 2 Enhance Close Optimization and Streamline Financial Processes ,KR 9: Automate Symmetry payroll reclass from Gusto Inc > Symmetry,TBD based on week 2,TBD based on week 2,2,Selena Ochoa,,Not Started,,
Corporate Accounting,Set 2,Q3'26,11/24/2025,4,9/30/2026,Payroll,Automate all domestic payroll reconciliations,C.A. 1 Increase OpEx Accuracy & Reliability by utilizing automation,KR 6: Automate US payroll reconciliations,"Automation Research & Design

1. Send Payroll Matrix to FBOS for any edits needed
2. Try to reconcile FSA, HSA, 401k accounts (Need Colins expertise here)",,4+,Selena Ochoa,,Not Started,,
Corporate Accounting,Set 2,Q3'26,11/24/2025,4,9/30/2026,Fixed Assets,Automate fixed assets end-to-end process,C.A. 2 Enhance Close Optimization and Streamline Financial Processes ,KR 8: Automate fixed assets end-to-end process,Design Future State Workflow,,,Selena Ochoa,,Not Started,,
Corporate Accounting,Set 2,Q3'26,11/24/2025,4,1/31/2025,Acquistion,Integrate Guideline accounting operations,C.A. 6 Integrate Guideline acquisition into our Corporate accounting operations by Q3,KR 4: Review close checklist and identify how we will incorporate their activities into our monthly close and/or who is owning the processes,1. Integrate Guideline PPE to Gusto,1. Create GE assets in FAM,2,Selena Ochoa,Out of office dependencies given holiday,Not Started,,
Corporate Accounting,Set 2,Q3'26,12/1/2025,5,1/31/2025,Acquistion,Integrate Guideline accounting operations,C.A. 6 Integrate Guideline acquisition into our Corporate accounting operations by Q3,KR 4: Review close checklist and identify how we will incorporate their activities into our monthly close and/or who is owning the processes,"1. GE accouning leases approved
2. Ensure new leases are included in Custom JE Reporting
3. Ensure amortization schedules are correct and JE's are correct",1. GE accounting leases approved,2,Selena Ochoa,,Not Started,,
Corporate Accounting,Set 2,Q3'26,12/1/2025,5,1/31/2025,Payroll,Automate all domestic payroll reconciliations,C.A. 2 Enhance Close Optimization and Streamline Financial Processes ,KR 9: Automate Symmetry payroll reclass from Gusto Inc > Symmetry,TBD based on week 2,TBD based on week 2,2,Selena Ochoa,,Not Started,,
Corporate Accounting,Set 2,Q3'26,12/1/2025,5,9/30/2026,Payroll,Automate all domestic payroll reconciliations,C.A. 1 Increase OpEx Accuracy & Reliability by utilizing automation,KR 6: Automate US payroll reconciliations,"Build & Prototype

1. Partner with FinTech or internal automation resources to build prototype.
2. Test logic for one payroll cycle (e.g., US biweekly run).
3. Validate output against manual reconciliation",1. Working prototype with accuracy within acceptable threshold,4+,Selena Ochoa,,Not Started,,
Corporate Accounting,Set 2,Q3'26,12/1/2025,5,9/30/2026,Fixed Assets,Automate fixed assets end-to-end process,C.A. 2 Enhance Close Optimization and Streamline Financial Processes ,KR 8: Automate fixed assets end-to-end process,Continuation from last week,Continuation from last week,,Selena Ochoa,,Not Started,,
Corporate Accounting,Set 2,Q3'26,12/1/2025,5,1/31/2025,Acquistion,Integrate Guideline accounting operations,C.A. 6 Integrate Guideline acquisition into our Corporate accounting operations by Q3,KR 4: Review close checklist and identify how we will incorporate their activities into our monthly close and/or who is owning the processes,1. Integrate Guideline PPE to Gusto,1. GE PPE fully incorporated to Gusto Inc for Nov close,2,Selena Ochoa,,Not Started,,
Corporate Accounting,Set 2,Q3'26,12/8/2025,6,9/30/2026,Fixed Assets,Automate fixed assets end-to-end process,C.A. 2 Enhance Close Optimization and Streamline Financial Processes ,KR 8: Automate fixed assets end-to-end process,Feasibility Validation & Stakeholder Review,,,Selena Ochoa,,Not Started,,
Corporate Accounting,Set 2,Q3'26,12/8/2025,6,1/31/2025,Payroll,Automate all domestic payroll reconciliations,C.A. 2 Enhance Close Optimization and Streamline Financial Processes ,KR 9: Automate Symmetry payroll reclass from Gusto Inc > Symmetry,TBD based on week 2,TBD based on week 2,2,Selena Ochoa,,Not Started,,
Corporate Accounting,Set 2,Q3'26,12/8/2025,6,9/30/2026,Payroll,Automate all domestic payroll reconciliations,C.A. 1 Increase OpEx Accuracy & Reliability by utilizing automation,KR 6: Automate US payroll reconciliations,Continuation from last week,Continuation from last week,4+,Selena Ochoa,,Not Started,,
Corporate Accounting,Set 2,Q3'26,12/8/2025,6,1/31/2025,Acquistion,Integrate Guideline accounting operations,C.A. 6 Integrate Guideline acquisition into our Corporate accounting operations by Q3,KR 4: Review close checklist and identify how we will incorporate their activities into our monthly close and/or who is owning the processes,1. Integrate Guideline PPE to Gusto,1. Wrap up any loose ends,2,Selena Ochoa,,Not Started,,
Corporate Accounting,Set 2,Q3'26,11/10/2025,2,4/30/2026,Intercompany,Establish system (Netsuite) I/C Billings & Invoicing in Netsuite,C.A. 3 Build a scalable international accounting function to support Gusto's global growth.,"KR 2: 
- Launch I/C Customer/Vendor profiles for all entities that transact with I/C GL accounts
- Establish system (Netsuite) I/C Billings & Invoicing in Netsuite
-  System Intercompany Settlement",Invoicing,Touchbase with FH on GDL I/C invoicing and related set up (distributions) to aide scoping for Gusto implementation,3,Charles Sikazwe,"FNT support
D&V capacity",In-Progress,"Progress: FH Shared documentation that can be leveraged to set up I/C disttibution templates in Gusto NS instance

[NetSuite] Distribution Template - Create IC Line Dist. Template.docx
","Intercompany Improvements est. 10/2025
https://gustohq.atlassian.net/browse/FNT-3393 "
Corporate Accounting,Set 2,Q3'26,11/17/2025,3,9/30/2026,Cash & Cash Equivalents,Scope and plan reducing corporate cash to BD1,C.A. 2 Enhance Close Optimization and Streamline Financial Processes ,"KR 4:  Close Cash on BD 3
KR 5 : Close Cash on BD 2","- Numeric treasury testing
- continue Direct FCF prep automation",#NAME?,8,Charles Sikazwe,"D&V capacity
Cross-functional partners
AI quick wins",In-Progress,,Close Cash Faster est. 09/2025
Corporate Accounting,Set 2,Q3'26,11/17/2025,3,1/31/2026,Prepaids,Fully automate prepaid accounting,C.A. 1 Increase OpEx Accuracy & Reliability by utilizing automation,KR 8: Automate the prepaid usage process via proprietary programming,"Focus: Continue working on prepaid usage in bolt.new
Tasks:
1. Finalize Minami Tamaki vendor calculation start to end
2. Finalize Urbanbound vendor calculation start to end
3. Research and understand ""publishing"" a bolt.new program and what that would look like in terms of hosting this page long term for multiple people to use.
4. Ask Financetech about licensing","- Finalize setup for 2 complex vendors in testing
- Understand what it would take to launch the tool on a webpage that multiple people can use at the same time
- Get answer from FinanceTech on licenses for continuing to build",3,Justine O'Sullivan,,Not Started,,
Corporate Accounting,Set 2,Q3'26,11/17/2025,3,4/30/2026,Intercompany,Establish system (Netsuite) I/C Billings & Invoicing in Netsuite,C.A. 3 Build a scalable international accounting function to support Gusto's global growth.,"KR 2: 
- Launch I/C Customer/Vendor profiles for all entities that transact with I/C GL accounts
- Establish system (Netsuite) I/C Billings & Invoicing in Netsuite
-  System Intercompany Settlement",FNT touchbase based on FH walkthrough,Project plan for I/C invoicing implementation,3,Charles Sikazwe,"FNT support
D&V capacity",In-Progress,,"Intercompany Improvements est. 10/2025
https://gustohq.atlassian.net/browse/FNT-3393 "
Corporate Accounting,Set 2,Q3'26,12/1/2025,5,1/31/2026,Prepaids,Fully automate prepaid accounting,C.A. 1 Increase OpEx Accuracy & Reliability by utilizing automation,KR 8: Automate the prepaid usage process via proprietary programming,"[close week]
Focus: Continue working on prepaid usage in bolt.new
Tasks:
1. Finalize Bugcrowd vendor calculation start to end
2. Finalize Impact vendor calculation start to end",- Finalize setup for 2 complex vendors in testing,3,Justine O'Sullivan,,Not Started,,
Corporate Accounting,Set 2,Q3'26,11/24/2025,4,4/30/2026,Intercompany,Fully automate Transfer Pricing calculations in NS,C.A. 3 Build a scalable international accounting function to support Gusto's global growth.,KR 1:  Record all International intercompany revenue and expenses with TP Automation module,N/A - out of office for the whole week,<<<<,2,Charles Sikazwe,FNT support,In-Progress,,https://gustohq.atlassian.net/browse/FNT-3368
Corporate Accounting,Set 2,Q3'26,11/3/2025,1,1/31/2026,Close Management,Build out Numeric instance,C.A. 1 Increase OpEx Accuracy & Reliability by utilizing automation,KR 2: Leverage monitors to track coding changes,"[close week]
Focus: Constant monitoring of coding errors and correcting the root issue (PO or cash coding incorrect)
Tasks:
1. Clear all monitors in Numeric CCR mointor for the week
2. Create reclass entries as needed and post","[close week]
- Zero alerts by EOW",1,Justine O'Sullivan,,Complete,,
Corporate Accounting,Set 2,Q3'26,12/6/2025,6,1/31/2026,Close Management,Build out Numeric instance,C.A. 2 Enhance Close Optimization and Streamline Financial Processes ,KR 3: AI flux bot enhancements,"[close week]
Focus: Utilize AI bots in flux analysis within Numeric to reduce manual time spent fluxes. Leverage memos in transaction level detail to optimize the AI.
Tasks:
1. Flux Accruals Review report fully by vendor, using the vendor level template, then flux the account grouping
2. Monitor time spent completing task 1
3. Flux account level MoM reports by pulling in accounts from the accruals review report
4. Monitor time spent completing task 3","[close week]
- Aileen to optimize the AI bot during November close and report back on time saved preparing
- Justing to review fluxes and monitor how many are sent back
- Review time savings during 1:1 meeting",2,Justine O'Sullivan,,Not Started,,
Corporate Accounting,Set 1,Q3'26,10/6/2025,3,9/30/2026,Leases,Automate lease journal entries into NS,C.A. 1 Increase OpEx Accuracy & Reliability by utilizing automation,KR 5: Automate lease journal entries,"1. Regroup with Spacebase team, discuss last week action items, align on next steps
2. Align with FNT if this will be a push through process or an auto run on specific dates/times?","1. Custom JE report + entries created correctly
2. Set up automation cadence/approach",2,Selena Ochoa,,In-Progress,"As of 10/10 - Custom JE report completed and One Penn and 1515 Arapahoe added in SB.

Potential Blocker: FinTech wanted to know if there was an Out-Of-Box Connector Spacebase offered (this would be a quick and easy lift for the team), upon asking SB, they do not. That being said, FinTech needs to go back to Rahul and see if we can then get a developer allocated to this project since it won't be a simple connection. Selena is waiting to hear from Isik on this. Followed up on 10/10.",
Corporate Accounting,Set 2,Q3'26,12/1/2025,5,1/31/2026,Close Management,Build out Numeric instance,C.A. 1 Increase OpEx Accuracy & Reliability by utilizing automation,KR 2: Leverage monitors to track coding changes,"[close week]
Focus: Constant monitoring of coding errors and correcting the root issue (PO or cash coding incorrect)
Tasks:
1. Clear all monitors in Numeric CCR mointor for the week
2. Create reclass entries as needed and post","[close week]
- Zero alerts by EOW",1,Justine O'Sullivan,,Not Started,,
Corporate Accounting,Set 2,Q3'26,11/17/2025,3,1/31/2025,Sales Commission,Automate EE data from NS into Xactly,C.A. 2 Enhance Close Optimization and Streamline Financial Processes ,KR 6: Automate EE data from NS into Xactly,"1. Move Sandbox env to Production
2. Test integration in Production",1. Integration is in Production and working properly,1,Selena Ochoa,John availability to push this through to Production,In-Progress,"Update as of 11/18:

John has transitioned this job to another developer. The developer is having issues matching Company WD naming convension to that in NS. We are exploring solutions. This is the last peice for the integration to work, so we are told. Expect to have further updates later this week. ",
Corporate Accounting,Set 2,Q3'26,11/24/2025,4,1/31/2025,Sales Commission,Automate EE data from NS into Xactly,C.A. 2 Enhance Close Optimization and Streamline Financial Processes ,KR 6: Automate EE data from NS into Xactly,1. Sales comp team is using integration week-over-week,1. Integration complete,1,Selena Ochoa,John/Developer availability to push this through to Production,Not Started,,
Corporate Accounting,Set 2,Q3'26,12/1/2025,5,1/31/2025,Sales Commission,Automate EE data from NS into Xactly,C.A. 2 Enhance Close Optimization and Streamline Financial Processes ,KR 6: Automate EE data from NS into Xactly,"1. Update Commission confluence pages, if any","1. Project complete, automation is working
2. Update any documentation needed",1,Selena Ochoa,John to provide the Xactly Operations Guide for work performed,Not Started,,
Corporate Accounting,Set 2,Q3'26,12/8/2025,6,1/31/2025,Sales Commission,Automate EE data from NS into Xactly,C.A. 2 Enhance Close Optimization and Streamline Financial Processes ,KR 6: Automate EE data from NS into Xactly,"1. Update Commission confluence pages, if any","1. Project complete, automation is working
2. Update any documentation needed",1,Selena Ochoa,John to provide the Xactly Operations Guide for work performed,Not Started,,
Corporate Accounting,Set 2,Q3'26,12/8/2025,6,1/31/2025,Acquistion,Integrate Guideline accounting operations,C.A. 6 Integrate Guideline acquisition into our Corporate accounting operations by Q3,KR 4: Review close checklist and identify how we will incorporate their activities into our monthly close and/or who is owning the processes,1. GE completely embedded into Gusto Inc workstream,"1. Integration complete
2. Complete documentation of process for integration of PPE for future acquisitions",2,Selena Ochoa,,Not Started,,
Corporate Accounting,Set 2,Q3'26,11/3/2025,1,4/30/2026,PEO,Support PEO planning effort for 1 customer live for FY27,C.A. 7 New Entity Formations and GL accounting ,KR 1: Support PEO planning effort for 1 customer live for FY27,Support PEO planning efforts,Support PEO planning efforts,n/a,Rachele Russo,,In-Progress,,
Corporate Accounting,Set 2,Q3'26,11/10/2025,2,4/30/2026,PEO,Support PEO planning effort for 1 customer live for FY27,C.A. 7 New Entity Formations and GL accounting ,KR 1: Support PEO planning effort for 1 customer live for FY27,Support PEO planning efforts,[close week],n/a,Rachele Russo,,In-Progress,,
Corporate Accounting,Set 2,Q3'26,11/17/2025,3,4/30/2026,PEO,Support PEO planning effort for 1 customer live for FY27,C.A. 7 New Entity Formations and GL accounting ,KR 1: Support PEO planning effort for 1 customer live for FY27,Support PEO planning efforts,Completed Accounting Ops tab in AFO Project plan tracker to identify accounting needs.,n/a,Rachele Russo,,In-Progress,,
Corporate Accounting,Set 2,Q3'26,11/24/2025,4,4/30/2026,PEO,Support PEO planning effort for 1 customer live for FY27,C.A. 7 New Entity Formations and GL accounting ,KR 1: Support PEO planning effort for 1 customer live for FY27,Support PEO planning efforts,Meet with PEO DRIs to review questions for accounting ops tab.,n/a,Rachele Russo,,In-Progress,,
Corporate Accounting,Set 2,Q3'26,12/1/2025,5,4/30/2026,PEO,Support PEO planning effort for 1 customer live for FY27,C.A. 7 New Entity Formations and GL accounting ,KR 1: Support PEO planning effort for 1 customer live for FY27,Support PEO planning efforts,TBD,n/a,Rachele Russo,,Not Started,,
Corporate Accounting,Set 2,Q3'26,12/8/2025,6,4/30/2026,PEO,Support PEO planning effort for 1 customer live for FY27,C.A. 7 New Entity Formations and GL accounting ,KR 1: Support PEO planning effort for 1 customer live for FY27,Support PEO planning efforts,TBD,n/a,Rachele Russo,,Not Started,,
Corporate Accounting,Set 2,Q3'26,11/3/2025,1,9/30/2026,Accruals,Scope and testing of accrual automation tool,C.A. 1 Increase OpEx Accuracy & Reliability by utilizing automation,KR 1: Automate the accrual process for a Day 1 close,"[close week]
Focus: Trial run WiseLayer accrual functionality alongside our current manual process
Tasks:
1. Complete manual close process and trial 15 key vendors in the accruals.ai space for accuracy and consistency across systems
2. Complete a log of variances and trouble spots for WiseLayer review","[close week]
- Completed log of variances between platforms
- Completed log of 15 vendor tests",35,Justine O'Sullivan,deliverables from accruals.ai need to be worked on by WiseLayer in order to use the product,At-Risk/Missed,"This was missed due to WiseLayer not pushing out all the updates we needed before close started. Because of this, we did not start testing and instead, relied on our current process to complete October close.",
Corporate Accounting,Set 2,Q3'26,11/10/2025,2,9/30/2026,Accruals,Scope and testing of accrual automation tool,C.A. 1 Increase OpEx Accuracy & Reliability by utilizing automation,KR 1: Automate the accrual process for a Day 1 close,"[close week]
Focus: Trial run WiseLayer accrual functionality alongside our current manual process
Tasks:
1. Complete manual close process and trial 15 key vendors in the accruals.ai space for accuracy and consistency across systems
2. Complete a log of variances and trouble spots for WiseLayer review","[close week]
- Completed log of variances between platforms
- Completed log of 15 vendor tests
- Meet with WiseLayer team to review results and ask further questions, deliver further feedback",35,Justine O'Sullivan,deliverables from accruals.ai need to be worked on by WiseLayer in order to use the product,Complete,"Moving the deliverable from last week to this week, as we are meeting with WiseLayer on 11/12 to review.
Trial Testing",
Corporate Accounting,Set 2,Q3'26,11/17/2025,3,9/30/2026,Accruals,Scope and testing of accrual automation tool,C.A. 1 Increase OpEx Accuracy & Reliability by utilizing automation,KR 1: Automate the accrual process for a Day 1 close,"Focus: Work on prepping for November close actually using accruals.ai
Tasks:
1. Perform audit of accruals.ai as it relates to deliverables that they were supposed to provide
2. Report back to WiseLayer any unfinished requests and further questions
3. Create a gameplan for November close","- Completed final plan for November close with timeline and accruals.ai features
- ROI plan filled out for expectations around November close ",35,Justine O'Sullivan,deliverables from accruals.ai need to be finalized in advance of November close prep,Not Started,,
Corporate Accounting,Set 2,Q3'26,11/24/2025,4,9/30/2026,Accruals,Scope and testing of accrual automation tool,C.A. 1 Increase OpEx Accuracy & Reliability by utilizing automation,KR 1: Automate the accrual process for a Day 1 close,"[Thanksgiving break] - Rollover for Aileen to work on if needed
Focus: Work on prepping for November close actually using accruals.ai
Tasks:
1. Perform audit of accruals.ai as it relates to deliverables that they were supposed to provide
2. Report back to WiseLayer any unfinished requests and further questions
3. Create a gameplan for November close","[Thanksgiving break] - Rollover for Aileen to work on if needed
- Completed final plan for November close with timeline and accruals.ai features
- ROI plan filled out for expectations around November close",35,Justine O'Sullivan,,Not Started,,
Corporate Accounting,Set 2,Q3'26,12/1/2025,5,9/30/2026,Accruals,Scope and testing of accrual automation tool,C.A. 1 Increase OpEx Accuracy & Reliability by utilizing automation,KR 1: Automate the accrual process for a Day 1 close,"[close week]
Focus: Test out accruals.ai for November close
Tasks:
1. Work soley in accruals.ai for November close accruals items
2. Keep an accurate listing of crucial errors ","[close week]
- Successful November close BD1-5 using accruals.ai",35,Justine O'Sullivan,deliverables from accruals.ai need to be finalized in advance of November close,Not Started,,
Corporate Accounting,Set 2,Q3'26,12/8/2025,6,9/30/2026,Accruals,Scope and testing of accrual automation tool,C.A. 1 Increase OpEx Accuracy & Reliability by utilizing automation,KR 1: Automate the accrual process for a Day 1 close,"[close week]
Focus: Test out accruals.ai for November close
Tasks:
1. Complete the ROI sheet and determine if we want to move forward with vendor","[close week]
- Completed ROI sheet filled out and completed in it's entirety to determine if we want to move forward with the tool or find a new tool/continue to build in house",35,Justine O'Sullivan,,Not Started,,
Corporate Accounting,Set 2,Q3'26,11/3/2025,1,9/30/2026,Cash & Cash Equivalents,Scope and plan reducing corporate cash to BD1,C.A. 2 Enhance Close Optimization and Streamline Financial Processes ,"KR 4:  Close Cash on BD 3
KR 5 : Close Cash on BD 2",Continued execution of improvements,Close Cash on BD 3,8,Charles Sikazwe,"D&V capacity
Cross-functional partners
AI quick wins",In-Progress,,Close Cash Faster est. 09/2025
Corporate Accounting,Set 2,Q3'26,11/3/2025,1,4/30/2026,Intercompany,Fully automate Transfer Pricing calculations in NS,C.A. 3 Build a scalable international accounting function to support Gusto's global growth.,KR 1:  Record all International intercompany revenue and expenses with TP Automation module,Enhancements progression,Use TP flow for Turkey + CA + AppWrap check in,2,Charles Sikazwe,FNT support,In-Progress,,https://gustohq.atlassian.net/browse/FNT-3368
Corporate Accounting,Set 2,Q3'26,11/3/2025,1,4/30/2026,Intercompany,Establish system (Netsuite) I/C Billings & Invoicing in Netsuite,C.A. 3 Build a scalable international accounting function to support Gusto's global growth.,"KR 2: 
- Launch I/C Customer/Vendor profiles for all entities that transact with I/C GL accounts
- Establish system (Netsuite) I/C Billings & Invoicing in Netsuite
-  System Intercompany Settlement",#NAME?,#NAME?,3,Charles Sikazwe,"FNT support
D&V capacity",In-Progress,,"Intercompany Improvements est. 10/2025
https://gustohq.atlassian.net/browse/FNT-3393 "
Corporate Accounting,Set 2,Q3'26,11/10/2025,2,9/30/2026,Cash & Cash Equivalents,Scope and plan reducing corporate cash to BD1,C.A. 2 Enhance Close Optimization and Streamline Financial Processes ,"KR 4:  Close Cash on BD 3
KR 5 : Close Cash on BD 2","October retro
Direct FCF prep automation","- action steps from Oct retro
- action steps for Direct FCF prep automation",8,Charles Sikazwe,"D&V capacity
Cross-functional partners
AI quick wins",In-Progress,"- Win: October Cash closed in 2.5 days
- Close Cash Faster: added Retro for October in project doc linked in column R
- Progress: Direct FCF prep automation - sent queries to D&V that will inform scoping for tasks to attempt to automate",Close Cash Faster est. 09/2025
Corporate Accounting,Set 2,Q3'26,11/10/2025,2,4/30/2026,Intercompany,Fully automate Transfer Pricing calculations in NS,C.A. 3 Build a scalable international accounting function to support Gusto's global growth.,KR 1:  Record all International intercompany revenue and expenses with TP Automation module,"Netsuite Invoicing
GL + department logic","Action steps plan for Netsuite invoicing
Action steps for GL + Department logic",2,Charles Sikazwe,FNT support,In-Progress,"- Win: Apprwap updated Netsuite Transfer Pricing script to be able to handle GL+Department allocation
- Win: Appwrap updated outstanding bugs for Netsuite Transfer Pricing script, ready to be used for all international entities for November close",https://gustohq.atlassian.net/browse/FNT-3368
Corporate Accounting,Set 2,Q3'26,11/17/2025,3,4/30/2026,Intercompany,Fully automate Transfer Pricing calculations in NS,C.A. 3 Build a scalable international accounting function to support Gusto's global growth.,KR 1:  Record all International intercompany revenue and expenses with TP Automation module,"Netsuite Invoicing
GL + department logic",Support FNT on execution,2,Charles Sikazwe,FNT support,In-Progress,,https://gustohq.atlassian.net/browse/FNT-3368
Corporate Accounting,Set 2,Q3'26,11/24/2025,4,9/30/2026,Cash & Cash Equivalents,Scope and plan reducing corporate cash to BD1,C.A. 2 Enhance Close Optimization and Streamline Financial Processes ,"KR 4:  Close Cash on BD 3
KR 5 : Close Cash on BD 2",N/A - out of office for the whole week,<<<<,8,Charles Sikazwe,"D&V capacity
Cross-functional partners
AI quick wins",In-Progress,,Close Cash Faster est. 09/2025
Corporate Accounting,Set 2,Q3'26,11/24/2025,4,4/30/2026,Intercompany,Establish system (Netsuite) I/C Billings & Invoicing in Netsuite,C.A. 3 Build a scalable international accounting function to support Gusto's global growth.,"KR 2: 
- Launch I/C Customer/Vendor profiles for all entities that transact with I/C GL accounts
- Establish system (Netsuite) I/C Billings & Invoicing in Netsuite
-  System Intercompany Settlement",N/A - out of office for the whole week,<<<<,3,Charles Sikazwe,"FNT support
D&V capacity",In-Progress,,"Intercompany Improvements est. 10/2025
https://gustohq.atlassian.net/browse/FNT-3393 "
Corporate Accounting,Set 2,Q3'26,12/1/2025,5,9/30/2026,Cash & Cash Equivalents,Scope and plan reducing corporate cash to BD1,C.A. 2 Enhance Close Optimization and Streamline Financial Processes ,"KR 4:  Close Cash on BD 3
KR 5 : Close Cash on BD 2",Intro to FNT for NS tagging for Cash accounts,"Close Cash on BD 3
Roadmap for project to introduce COA tagging for Cash accounts",8,Charles Sikazwe,"D&V capacity
Cross-functional partners
AI quick wins",In-Progress,,Close Cash Faster est. 09/2025
Corporate Accounting,Set 2,Q3'26,12/1/2025,5,4/30/2026,Intercompany,Fully automate Transfer Pricing calculations in NS,C.A. 3 Build a scalable international accounting function to support Gusto's global growth.,KR 1:  Record all International intercompany revenue and expenses with TP Automation module,"Netsuite Invoicing
GL + department logic",Support FNT on execution,2,Charles Sikazwe,FNT support,In-Progress,,https://gustohq.atlassian.net/browse/FNT-3368
Corporate Accounting,Set 2,Q3'26,12/1/2025,5,4/30/2026,Intercompany,Establish system (Netsuite) I/C Billings & Invoicing in Netsuite,C.A. 3 Build a scalable international accounting function to support Gusto's global growth.,"KR 2: 
- Launch I/C Customer/Vendor profiles for all entities that transact with I/C GL accounts
- Establish system (Netsuite) I/C Billings & Invoicing in Netsuite
-  System Intercompany Settlement","I/C Invoicing
I/C Customers & Vendors",Support FNT execution,3,Charles Sikazwe,"FNT support
D&V capacity",In-Progress,,"Intercompany Improvements est. 10/2025
https://gustohq.atlassian.net/browse/FNT-3393 "
Corporate Accounting,Set 2,Q3'26,12/8/2025,6,9/30/2026,Cash & Cash Equivalents,Scope and plan reducing corporate cash to BD1,C.A. 2 Enhance Close Optimization and Streamline Financial Processes ,"KR 4:  Close Cash on BD 3
KR 5 : Close Cash on BD 2",Connect with FNT for NS C&CCE tagging,CA <> FNT roadmap for C&CCE tagging,8,Charles Sikazwe,"D&V capacity
Cross-functional partners
AI quick wins",In-Progress,,Close Cash Faster est. 09/2025
Corporate Accounting,Set 2,Q3'26,12/8/2025,6,4/30/2026,Intercompany,Fully automate Transfer Pricing calculations in NS,C.A. 3 Build a scalable international accounting function to support Gusto's global growth.,KR 1:  Record all International intercompany revenue and expenses with TP Automation module,"Netsuite Invoicing
GL + department logic",Support FNT on execution,2,Charles Sikazwe,FNT support,In-Progress,,https://gustohq.atlassian.net/browse/FNT-3368
Corporate Accounting,Set 2,Q3'26,12/8/2025,6,4/30/2026,Intercompany,Establish system (Netsuite) I/C Billings & Invoicing in Netsuite,C.A. 3 Build a scalable international accounting function to support Gusto's global growth.,"KR 2: 
- Launch I/C Customer/Vendor profiles for all entities that transact with I/C GL accounts
- Establish system (Netsuite) I/C Billings & Invoicing in Netsuite
-  System Intercompany Settlement","I/C Invoicing
I/C Customers & Vendors",Support FNT execution,3,Charles Sikazwe,"FNT support
D&V capacity",In-Progress,,"Intercompany Improvements est. 10/2025
https://gustohq.atlassian.net/browse/FNT-3393 "
Corporate Accounting,Set 2,Q3'26,11/24/2025,3,9/30/2026,Leases,Automate lease journal entries,C.A. 1 Increase OpEx Accuracy & Reliability by utilizing automation,KR 5: Automate lease journal entries,1. Deploy integration to production ,1. Automation complete,2,Selena Ochoa,"Corp Acct agreement on who should prepare, review and approve leases",,,
Corporate Accounting,Set 2,Q3'26,12/1/2025,3,9/30/2026,Leases,Automate lease journal entries,C.A. 1 Increase OpEx Accuracy & Reliability by utilizing automation,KR 5: Automate lease journal entries,"1. Train IT on Finance Lease creation (handoff)
2. Update Leases Confluence page","1. Go live with JE automation for November close
2. Finance lease creation handoff to IT",2,Selena Ochoa,"Corp Acct agreement on who should prepare, review and approve leases",,,
Corporate Accounting,Set 2,Q3'26,11/10/2025,2,1/31/2026,Prepaids,Fully automate prepaid accounting,C.A. 1 Increase OpEx Accuracy & Reliability by utilizing automation,KR 8: Automate the prepaid usage process via proprietary programming,"[close week]
Focus: Continue working on prepaid usage in bolt.new
Tasks:
1. Finalize Bugcrowd vendor calculation start to end
2. Finalize Impact vendor calculation start to end",- Finalize setup for 2 complex vendors in testing,3,Justine O'Sullivan,,At-Risk/Missed,Did not have time to do this,
Corporate Accounting,Set 2,Q3'26,11/17/2025,3,1/31/2026,Prepaids,Fully automate prepaid accounting,C.A. 6 Integrate Guideline acquisition into our Corporate accounting operations by Q3,KR 5: Absorb GE reconciliations into current leadsheets,"Focus: Meet with Florence to go over Prepaids SL and Usage
Tasks:
1. Meet with Florence to review
2. Create timelined gameplan for SL and Usage vendors
3. Post JE to start GE SL schedules in NS
4. Edit leadsheet for GE tabs and vendors","- NS schedules are up to date for November close
- Leadsheets are updated to have GE data in them",35,Justine O'Sullivan,GE schedules being easy to migrate. We may need further months to understand usage vendors and what the processes would be MoM,Not Started,,
Corporate Accounting,Set 2,Q3'26,11/17/2025,4,1/31/2026,Close Management,Reduce close by 1 BD by end of Q3'26,C.A. 2 Enhance Close Optimization and Streamline Financial Processes,KR 11: Close books by BD1 in Feb 2027,Prepare timeline and communications for a trial Nov close by BD4.,Sent out communications and timeline for a BD4 Nov Close to accounting team,8,Rachele Russo,,In-Progress,,
Corporate Accounting,Set 2,Q3'26,12/1/2025,5,1/31/2026,Close Management,Reduce close by 1 BD by end of Q3'26,C.A. 2 Enhance Close Optimization and Streamline Financial Processes,KR 11: Close books by BD1 in Feb 2027,Monitor and track progress of JEs for Nov close and understand blockers for a BD4 close in real time,Have a complete list of JEs that were posted after BD4 to review in a debrief and plan how to prioritize for next close.,8,Rachele Russo,Cross-functional teams not being able to move up JEs,In-Progress,,
Corporate Accounting,Set 2,Q3'26,12/8/2025,6,1/31/2026,Close Management,Reduce close by 1 BD by end of Q3'26,C.A. 2 Enhance Close Optimization and Streamline Financial Processes,KR 11: Close books by BD1 in Feb 2027,Hold Nov post-close debrief to review pain points and areas for opportunities for Dec close,Create a plan on how to pull forward items from cross-functional teams for Dec close and/or address absolute blockers.,8,Rachele Russo,"Cross-functional teams not being able to move up JEs, lack of automation, lack of resources etc",Not Started,,
,,,,,,,,,,,,,,,,,
,,,,,,,,,,,,,,,,,
,,,,,,,,,,,,,,,,,
,,,,,,,,,,,,,,,,,
,,,,,,,,,,,,,,,,,
,,,,,,,,,,,,,,,,,
,,,,,,,,,,,,,,,,,
,,,,,,,,,,,,,,,,,
,,,,,,,,,,,,,,,,,
,,,,,,,,,,,,,,,,,
,,,,,,,,,,,,,,,,,
,,,,,,,,,,,,,,,,,
,,,,,,,,,,,,,,,,,
,,,,,,,,,,,,,,,,,
,,,,,,,,,,,,,,,,,
,,,,,,,,,,,,,,,,,
,,,,,,,,,,,,,,,,,
,,,,,,,,,,,,,,,,,
,,,,,,,,,,,,,,,,,
,,,,,,,,,,,,,,,,,
,,,,,,,,,,,,,,,,,
,,,,,,,,,,,,,,,,,
,,,,,,,,,,,,,,,,,
,,,,,,,,,,,,,,,,,
,,,,,,,,,,,,,,,,,
,,,,,,,,,,,,,,,,,
,,,,,,,,,,,,,,,,,
,,,,,,,,,,,,,,,,,
,,,,,,,,,,,,,,,,,
,,,,,,,,,,,,,,,,,
,,,,,,,,,,,,,,,,,
,,,,,,,,,,,,,,,,,
,,,,,,,,,,,,,,,,,
,,,,,,,,,,,,,,,,,
,,,,,,,,,,,,,,,,,
,,,,,,,,,,,,,,,,,
,,,,,,,,,,,,,,,,,
,,,,,,,,,,,,,,,,,
,,,,,,,,,,,,,,,,,
,,,,,,,,,,,,,,,,,
,,,,,,,,,,,,,,,,,
,,,,,,,,,,,,,,,,,
,,,,,,,,,,,,,,,,,
,,,,,,,,,,,,,,,,,
,,,,,,,,,,,,,,,,,
,,,,,,,,,,,,,,,,,
,,,,,,,,,,,,,,,,,
,,,,,,,,,,,,,,,,,
,,,,,,,,,,,,,,,,,
Corporate Accounting,Set 2,,11/10/2025,2,1/31/2026,Prepaids,,C.A. 1 Increase OpEx Accuracy & Reliability by utilizing automation,KR 8: Automate the prepaid usage process via proprietary programming,"[close week]
Focus: Continue working on prepaid usage in bolt.new
Tasks:
1. Finalize Bugcrowd vendor calculation start to end
2. Finalize Impact vendor calculation start to end",- Finalize setup for 2 complex vendors in testing,3,Justine O'Sullivan,,At-Risk/Missed,Did not have time to do this,
,,,,,,,,,,,,,,,,,
,,,,,,,,,,,,,,,,,
,,,,,,,,,,,,,,,,,
,,,,,,,,,,,,,,,,,
Corporate Accounting,Set 2,,11/17/2025,3,1/31/2026,Prepaids,,C.A. 6 Integrate Guideline acquisition into our Corporate accounting operations by Q3,KR 5: Absorb GE reconciliations into current leadsheets,"Focus: Meet with Florence to go over Prepaids SL and Usage
Tasks:
1. Meet with Florence to review
2. Create timelined gameplan for SL and Usage vendors
3. Post JE to start GE SL schedules in NS
4. Edit leadsheet for GE tabs and vendors","- NS schedules are up to date for November close
- Leadsheets are updated to have GE data in them",35,Justine O'Sullivan,GE schedules being easy to migrate. We may need further months to understand usage vendors and what the processes would be MoM,Not Started,,
